"","V1","V2","V3","V4","V5","V6","V7","V8","V9","V10","V11","V12"
"1","gender","age","marker01","marker02","marker03","marker04","marker05","marker06","marker07","marker08","marker09","marker10"
"2","female","5","0","0","0","0","1","0","0","0","0","0"
"3","male","6","0","0","0","0","0","0","0","0","0","0"
"4","male","5","0","0","0","0","0","0","0","0","0","0"
"5","male","22","0","0","0","0","0","0","0","0","0","0"
"6","male","19","0","0","0","0","0","0","0","0","0","0"
"7","female","43","0","0","0","0","0","0","0","0","0","0"
"8","female","15","0","0","0","0","0","0","0","0","0","0"
"9","male","22","0","0","0","0","0","0","0","0","0","0"
"10","female","4","0","0","0","0","0","0","0","0","0","0"
"11","female","24","0","0","0","0","0","0","0","0","0","0"
"12","female","6","0","0","0","0","0","0","0","0","0","1"
"13","female","2","0","0","0","0","0","0","0","0","0","0"
"14","female","10","0","0","0","0","0","0","0","0","0","0"
"15","male","4","0","0","0","0","0","0","1","0","0","0"
"16","male","13","0","0","0","1","0","0","0","0","0","0"
"17","male","7","0","0","0","0","0","0","0","0","0","0"
"18","male","5","0","0","0","0","0","0","0","0","0","0"
"19","female","36","0","0","0","1","0","0","1","0","0","0"
"20","male","5","0","0","0","0","0","0","0","0","0","0"
"21","male","10","0","0","0","0","0","0","0","0","0","0"
"22","female","6","0","0","0","1","0","1","0","0","0","0"
"23","male","2","0","0","0","0","0","0","0","0","0","0"
"24","female","3","0","0","0","0","0","0","0","0","0","0"
"25","male","11","0","0","0","0","0","0","0","0","0","0"
"26","female","7","0","0","0","0","0","0","0","0","1","0"
"27","female","2","0","0","0","0","0","0","0","0","0","0"
"28","male","22","0","0","0","0","0","1","0","0","0","0"
"29","female","2","0","0","0","0","0","0","0","0","0","0"
"30","male","5","0","0","0","0","0","0","1","0","0","0"
"31","male","3","0","0","0","0","0","0","0","0","0","0"
"32","female","4","0","0","0","0","0","0","1","0","0","0"
"33","male","7","0","0","0","0","0","0","0","0","0","0"
"34","male","16","0","0","0","0","0","0","0","0","0","0"
"35","male","27","0","0","0","0","1","0","0","0","0","0"
"36","female","22","0","0","0","0","0","0","0","0","0","0"
"37","female","20","0","0","0","1","0","0","0","0","0","0"
"38","male","6","0","0","0","0","0","0","0","0","0","0"
"39","male","4","0","0","0","1","0","0","0","0","0","0"
"40","female","14","0","0","0","0","1","0","0","0","0","0"
"41","male","3","0","0","0","0","0","0","0","0","0","0"
"42","male","72","0","0","0","1","0","0","0","0","0","0"
"43","male","14","0","0","0","0","0","0","0","0","0","0"
"44","male","2","0","0","0","0","0","0","0","0","0","0"
"45","female","6","0","0","0","0","1","0","0","0","0","0"
"46","female","1","0","0","0","0","0","0","0","0","0","0"
"47","female","4","0","0","0","0","0","0","1","0","0","0"
"48","female","7","0","0","0","0","0","0","0","0","0","0"
"49","female","9","0","0","0","0","0","0","0","0","1","0"
"50","female","7","0","0","0","0","0","1","0","0","0","0"
"51","female","4","0","0","0","0","1","1","0","0","1","0"
"52","male","23","0","0","0","0","0","0","0","0","0","0"
"53","female","24","0","0","0","0","0","0","0","0","0","0"
"54","male","11","0","0","0","0","0","0","0","0","0","0"
"55","male","7","0","0","0","0","0","0","0","0","0","0"
"56","female","3","0","0","0","1","0","1","0","0","0","0"
"57","female","11","0","0","0","0","0","1","0","0","0","0"
"58","female","21","0","0","0","0","0","1","0","0","0","0"
"59","male","7","0","0","0","0","1","0","0","0","0","0"
"60","male","11","0","0","0","0","0","0","0","0","0","0"
"61","male","2","0","0","0","0","0","0","0","0","0","0"
"62","female","9","0","0","0","0","0","0","0","0","0","0"
"63","female","3","0","0","0","0","0","0","0","0","0","0"
"64","female","11","0","0","0","0","0","0","0","0","0","0"
"65","female","5","0","0","0","0","0","0","0","0","0","0"
"66","female","3","0","0","0","0","0","0","0","0","0","0"
"67","female","8","0","0","0","0","1","0","1","0","0","0"
"68","male","11","0","0","0","0","0","0","0","0","0","0"
"69","male","14","0","0","0","1","0","0","0","0","0","0"
"70","male","5","0","0","0","0","0","0","0","0","0","0"
"71","female","25","0","0","0","1","1","0","0","0","0","0"
"72","male","2","0","0","0","0","0","1","0","0","0","0"
"73","male","4","0","0","0","0","0","0","0","0","0","0"
"74","male","2","0","0","0","0","0","0","0","0","0","0"
"75","male","17","0","0","0","0","0","0","0","0","0","1"
"76","male","17","0","0","0","0","0","0","0","0","0","0"
"77","female","12","0","0","0","0","0","0","0","0","0","0"
"78","male","7","0","0","0","0","0","0","0","0","0","0"
"79","male","29","0","0","0","0","0","0","0","0","0","0"
"80","male","5","0","0","0","0","0","0","0","0","0","0"
"81","female","14","0","0","0","0","0","0","0","0","0","0"
"82","female","55","0","0","0","0","0","0","0","0","0","0"
"83","female","27","0","0","0","0","0","0","0","0","0","0"
"84","male","14","0","0","0","0","0","0","1","0","0","0"
"85","male","4","0","0","0","0","0","0","0","0","0","0"
"86","male","1","0","0","0","0","0","0","0","0","0","0"
"87","male","4","0","0","0","0","0","0","0","0","0","0"
"88","female","10","0","0","0","0","0","0","1","0","0","0"
"89","female","15","0","0","0","0","0","0","0","0","0","0"
"90","male","8","0","0","0","0","0","0","0","0","0","0"
"91","male","2","0","0","0","0","0","0","0","0","0","0"
"92","male","20","0","0","0","0","0","0","0","0","0","0"
"93","female","11","0","0","0","0","0","0","0","0","0","0"
"94","female","3","0","0","0","0","0","0","0","0","0","0"
"95","male","8","0","0","0","0","0","0","0","0","0","0"
"96","female","10","0","0","0","0","0","0","0","0","0","0"
"97","female","4","0","0","0","0","0","0","0","0","0","0"
"98","female","9","0","0","0","0","0","0","0","0","0","0"
"99","female","2","0","0","0","0","0","0","0","0","0","0"
"100","male","4","0","0","0","0","0","0","1","0","0","0"
"101","female","2","0","0","0","0","0","0","1","0","0","0"
"102","female","3","0","0","0","0","0","0","0","0","0","0"
"103","female","9","0","0","0","0","0","0","1","0","0","0"
"104","male","34","0","0","0","0","0","0","0","0","0","0"
"105","male","5","0","0","0","0","0","0","0","0","0","0"
"106","female","3","0","0","0","0","0","0","0","0","0","0"
"107","male","9","0","0","0","0","0","0","0","0","0","0"
"108","female","11","0","0","0","0","0","0","1","0","0","0"
"109","female","6","0","0","0","0","0","0","0","0","0","0"
"110","female","19","0","0","0","0","0","0","0","0","0","0"
"111","female","13","0","0","0","0","0","0","0","0","0","0"
"112","male","7","0","0","0","0","0","0","0","0","0","0"
"113","female","20","0","0","0","0","1","0","0","0","0","0"
"114","male","6","0","0","0","0","0","0","0","0","0","0"
"115","female","7","0","0","0","0","1","0","0","0","0","0"
"116","female","13","0","0","0","0","0","0","1","0","0","0"
"117","male","17","0","0","0","0","0","0","0","0","0","0"
"118","male","3","0","0","0","0","0","0","0","0","0","0"
"119","male","7","0","0","0","0","0","1","0","0","0","0"
"120","female","12","0","0","0","0","0","0","0","0","0","0"
"121","male","26","0","0","0","0","0","0","0","0","0","0"
"122","female","3","0","0","0","0","0","0","0","0","0","0"
"123","male","2","0","0","0","0","0","0","0","0","0","0"
"124","male","9","0","0","0","0","0","0","0","0","0","0"
"125","female","11","0","0","0","0","0","0","0","0","0","0"
"126","female","10","0","0","0","0","0","0","1","0","0","0"
"127","female","2","0","0","0","0","0","0","1","0","0","0"
"128","female","3","0","0","0","0","0","1","1","0","0","0"
"129","female","10","0","0","0","1","0","0","0","0","0","0"
"130","male","29","0","0","0","0","0","0","0","0","0","0"
"131","female","5","0","0","0","0","1","0","0","0","0","0"
"132","female","3","0","0","0","0","0","0","0","0","0","0"
"133","male","42","0","0","0","0","0","0","0","0","0","0"
"134","female","5","0","0","0","0","0","0","0","0","0","0"
"135","male","24","0","0","0","0","0","0","0","0","0","0"
"136","male","13","0","0","0","0","0","0","0","0","0","0"
"137","male","25","0","0","0","0","0","0","0","0","0","0"
"138","male","32","0","0","0","0","0","0","0","0","0","0"
"139","male","10","0","0","0","0","1","1","0","0","0","0"
"140","female","7","0","0","0","0","0","0","0","0","0","0"
"141","male","13","0","0","0","0","0","0","0","0","0","0"
"142","female","8","0","0","0","0","0","0","0","0","0","0"
"143","female","2","0","0","0","1","0","0","0","0","0","0"
"144","male","5","0","0","0","0","0","0","0","0","0","0"
"145","female","2","0","0","0","0","0","0","0","0","0","0"
"146","male","18","0","0","0","0","0","0","0","0","0","0"
"147","female","22","0","0","0","0","0","0","1","0","0","0"
"148","male","15","0","0","0","0","1","0","0","0","0","0"
"149","male","9","0","0","0","0","0","0","0","0","0","0"
"150","female","6","0","0","0","0","0","0","0","0","0","0"
"151","female","5","0","0","0","0","1","0","0","0","0","0"
"152","female","11","0","0","0","1","0","0","0","0","0","0"
"153","male","4","0","0","0","0","0","0","0","1","0","0"
"154","male","9","0","0","0","0","0","0","0","0","0","0"
"155","male","4","0","0","0","0","0","0","0","0","0","0"
"156","male","1","0","0","0","0","0","0","0","0","0","0"
"157","male","53","0","0","0","0","0","0","0","0","0","0"
"158","female","3","0","0","0","0","0","0","0","0","0","0"
"159","male","6","0","0","0","0","0","0","0","0","0","0"
"160","male","14","0","0","0","0","0","0","0","0","0","0"
"161","female","4","0","0","0","0","0","0","0","0","0","0"
"162","female","6","0","0","0","0","0","1","1","0","0","0"
"163","female","7","1","0","0","0","0","0","0","0","0","0"
"164","female","17","0","0","0","0","0","0","0","0","0","0"
"165","female","11","0","0","0","0","1","0","1","0","0","0"
"166","female","5","0","0","0","0","0","1","0","0","0","0"
"167","female","1","0","0","0","0","0","0","0","0","0","0"
"168","female","8","0","0","0","0","0","1","0","0","0","0"
"169","female","5","0","0","0","0","1","0","0","0","0","0"
"170","female","19","0","0","0","0","0","0","0","0","0","0"
"171","female","3","0","0","0","0","0","0","0","0","0","0"
"172","male","8","0","0","0","0","0","0","0","0","0","0"
"173","male","2","0","0","0","0","0","0","0","0","0","0"
"174","female","5","0","0","0","0","0","0","0","0","0","0"
"175","female","14","0","0","0","0","0","0","0","0","0","0"
"176","female","8","0","0","0","0","0","0","0","0","0","0"
"177","male","10","0","0","0","1","1","0","0","0","0","0"
"178","male","6","0","0","0","0","0","0","0","0","0","0"
"179","male","5","0","0","0","0","0","0","0","0","0","0"
"180","female","1","0","0","0","0","0","1","0","0","0","0"
"181","male","2","0","0","0","0","0","0","0","0","0","0"
"182","female","30","0","0","0","0","0","0","0","0","0","0"
"183","female","2","0","0","0","0","0","0","0","0","0","1"
"184","male","1","0","0","0","0","1","0","0","0","0","0"
"185","male","3","0","0","0","0","0","0","0","0","0","0"
"186","female","17","0","0","0","1","0","0","0","0","0","0"
"187","female","9","0","0","0","0","1","0","0","0","0","0"
"188","male","5","0","0","0","0","0","0","0","0","0","0"
"189","male","18","0","0","0","0","0","0","0","0","0","0"
"190","male","26","0","0","0","0","0","0","0","0","0","0"
"191","female","5","0","0","0","0","0","0","0","0","0","0"
"192","male","2","0","0","0","0","0","0","0","0","0","0"
"193","male","4","0","0","0","0","0","0","0","0","0","0"
"194","male","6","0","0","0","0","0","0","0","0","0","0"
"195","male","9","0","0","0","0","0","0","0","0","0","0"
"196","male","4","0","0","0","0","0","0","0","0","0","0"
"197","male","8","0","0","0","0","0","0","0","0","0","0"
"198","female","13","0","0","0","1","0","0","0","0","0","0"
"199","male","9","0","0","0","0","0","0","0","0","0","0"
"200","male","5","0","0","0","0","1","0","0","0","0","0"
"201","female","5","0","0","0","0","0","0","0","0","0","0"
"202","male","21","0","0","0","0","0","0","1","0","0","0"
"203","male","27","0","0","0","0","1","0","0","0","0","0"
"204","male","2","0","0","0","0","0","0","0","0","0","0"
"205","female","9","0","0","0","0","0","0","0","0","0","0"
"206","female","5","0","0","0","0","0","0","0","0","0","0"
"207","female","4","0","0","0","0","0","1","0","0","0","0"
"208","male","9","0","0","0","0","0","0","0","1","0","0"
"209","female","5","0","0","0","0","0","0","0","0","0","0"
"210","male","31","0","0","0","0","0","0","0","0","0","0"
"211","male","7","0","0","0","0","0","0","0","0","0","0"
"212","female","2","0","0","0","0","0","0","0","0","0","0"
"213","male","5","0","0","0","0","0","0","0","0","0","0"
"214","female","7","0","0","0","0","0","0","0","0","0","0"
"215","male","9","0","0","0","0","0","0","1","0","0","0"
"216","male","15","0","0","0","0","0","0","0","0","0","0"
"217","female","23","0","0","0","0","0","0","0","0","0","0"
"218","male","2","0","0","0","0","0","0","0","0","0","0"
"219","male","8","0","0","0","0","0","0","0","0","0","0"
"220","male","5","0","0","0","0","0","1","0","0","0","0"
"221","female","7","0","0","0","1","0","0","0","0","0","0"
"222","female","13","0","0","0","0","0","1","0","0","0","0"
"223","female","5","0","0","0","1","0","0","0","0","0","0"
"224","female","2","0","0","0","0","0","0","0","0","0","0"
"225","male","9","0","0","0","0","0","0","0","0","0","0"
"226","female","10","0","0","0","0","0","0","0","0","0","0"
"227","female","14","0","0","0","1","0","0","0","0","0","0"
"228","male","1","0","0","0","0","1","0","0","0","0","0"
"229","female","5","0","0","0","0","0","1","0","0","0","0"
"230","male","7","0","0","0","0","0","0","0","0","0","0"
"231","female","15","0","0","0","0","0","0","0","0","0","0"
"232","female","13","0","0","0","0","0","1","0","0","0","0"
"233","female","18","0","0","0","0","1","0","1","0","0","0"
"234","female","3","0","0","0","0","0","0","0","0","0","0"
"235","female","2","0","0","0","0","0","0","0","0","0","0"
"236","male","21","0","0","0","0","0","0","0","0","0","0"
"237","male","17","0","0","0","0","1","0","0","0","0","1"
"238","male","41","0","0","0","0","0","0","0","0","0","0"
"239","female","27","0","0","0","0","0","0","0","0","0","0"
"240","female","12","0","0","0","0","0","0","0","0","0","0"
"241","male","7","0","0","0","0","0","0","0","0","0","0"
"242","male","3","0","0","0","0","0","0","0","0","0","0"
"243","male","3","0","0","0","0","0","0","0","0","0","0"
"244","male","65","0","0","0","0","0","0","0","0","0","0"
"245","female","2","0","0","0","1","0","0","0","0","0","0"
"246","female","25","0","0","0","0","0","0","0","0","0","0"
"247","male","15","0","0","0","0","0","0","0","0","0","0"
"248","male","39","0","0","0","0","0","0","0","0","0","0"
"249","female","3","0","0","0","0","0","0","0","0","0","0"
"250","male","99","0","0","0","0","0","0","0","0","0","0"
"251","male","2","0","0","0","0","0","0","1","0","0","0"
"252","male","7","0","0","0","0","0","0","0","0","0","0"
"253","female","4","0","0","0","0","0","0","0","0","0","0"
"254","female","1","0","0","0","0","0","0","0","0","0","0"
"255","male","9","0","0","0","0","0","1","0","0","0","0"
"256","female","30","0","0","0","0","0","0","0","0","0","0"
"257","female","3","0","0","0","0","0","0","0","0","0","0"
"258","male","10","0","0","0","0","0","0","1","0","0","0"
"259","male","18","0","0","0","0","0","0","0","0","0","0"
"260","female","5","0","0","0","0","0","0","0","0","0","0"
"261","female","12","0","0","0","1","0","0","0","0","0","0"
"262","male","9","0","0","0","0","0","0","0","0","0","0"
"263","male","9","0","0","0","0","0","0","0","0","0","0"
"264","male","5","0","0","0","1","0","0","0","0","0","0"
"265","male","7","0","0","0","0","1","0","0","0","0","0"
"266","male","17","0","0","0","0","1","0","0","0","0","0"
"267","female","20","0","0","0","0","0","0","0","0","0","0"
"268","female","21","0","0","0","0","0","0","0","0","0","0"
"269","female","11","0","0","0","0","0","0","0","0","0","0"
"270","female","4","0","0","0","0","0","1","0","0","0","0"
"271","male","2","0","0","0","0","0","0","0","0","0","0"
"272","female","21","0","0","0","1","1","0","0","0","0","0"
"273","female","33","0","0","0","0","0","0","0","0","0","0"
"274","male","42","0","0","0","0","0","0","0","0","0","0"
"275","male","2","0","0","0","0","0","0","0","0","0","0"
"276","male","12","0","0","0","0","0","0","0","0","0","0"
"277","female","3","0","0","0","0","0","0","0","0","0","0"
"278","male","74","0","0","0","0","0","0","0","0","0","0"
"279","male","3","0","0","0","0","0","0","1","0","0","0"
"280","female","7","0","0","0","0","0","0","0","0","0","0"
"281","female","2","0","0","0","0","0","0","0","0","0","0"
"282","female","25","0","0","0","0","0","0","0","0","0","0"
"283","male","2","0","0","0","0","0","0","0","1","0","0"
"284","male","9","0","0","0","0","0","0","1","0","0","0"
"285","female","9","0","0","0","0","0","0","0","0","0","0"
"286","male","4","0","0","0","0","0","0","0","0","0","0"
"287","male","4","0","0","0","0","0","0","1","0","0","0"
"288","male","9","0","0","0","1","0","0","0","0","0","0"
"289","female","11","0","0","0","0","1","0","0","0","0","0"
"290","male","20","0","0","0","0","0","0","0","0","0","0"
"291","male","9","0","0","0","0","0","0","0","0","0","0"
"292","female","22","0","0","0","1","0","0","0","0","0","0"
"293","female","8","0","0","0","0","0","1","0","0","0","0"
"294","male","2","0","0","0","0","0","1","1","0","0","0"
"295","female","22","0","0","0","0","1","1","0","0","0","0"
"296","male","13","0","0","0","0","0","1","0","0","0","0"
"297","male","6","0","0","0","0","0","0","0","0","0","0"
